"regiao","tipo","num_anuncios","preco_medio"
"aarao reis","apartamento","2","275000.00"
"aberta dos morros","casa","12","264000.00"
"abolicao","apartamento","2","150000.00"
"aclimacao","apartamento","2","370000.00"
"adalgisa","apartamento","2","1399000.00"
"adalgisa","casa","2","1190000.00"
"aeroporto","apartamento","2","480000.00"
"agronomia","apartamento","2","200000.00"
"agua santa","casa","2","390000.00"
"alianca","apartamento","2","340000.00"
"alipio de melo","casa","2","650000.00"
"alto barroca","apartamento","4","772500.00"
"alto caicaras","apartamento","10","403800.00"
"alto caicaras","casa","2","600000.00"
"alto da mooca","apartamento","6","643333.33"
"alto industrial","apartamento","2","215000.00"
"alvorada","apartamento","16","304875.00"
"alvorada","casa","10","650000.00"
"amazonas","apartamento","9","273777.78"
"andarai","apartamento","2","275000.00"
"anil","apartamento","10","254000.00"
"aparecida","apartamento","2","290000.00"
"arpoador","apartamento","2","175000.00"
"arvoredo","apartamento","4","302500.00"
"arvoredo ii","apartamento","8","270750.00"
"assuncao","apartamento","42","359904.76"
"assuncao","casa","12","597500.00"
"auxiliadora","apartamento","2","680000.00"
"badu","apartamento","20","389900.00"
"badu","casa","20","862800.00"
"baeta neves","apartamento","34","489941.18"
"baeta neves","casa","2","580000.00"
"bairro da gloria","apartamento","12","341666.67"
"bairro dos casa","apartamento","2","200000.00"
"bairro dos casa","casa","8","425000.00"
"bairro empresarial do mandu","apartamento","2","200000.00"
"bairro fatima","apartamento","9","205444.44"
"bandeirantes pampulha","apartamento","6","330000.00"
"bandeiras","apartamento","16","248375.00"
"barra da tijuca","apartamento","2","350000.00"
"barra olimpica","apartamento","2","213000.00"
"barreto","apartamento","58","312938.48"
"barreto","casa","8","288750.00"
"barroca","apartamento","2","320000.00"
"barro preto","apartamento","2","360000.00"
"bela vista","apartamento","31","484322.58"
"bela vista","casa","4","670000.00"
"bela vista","studio","6","429833.33"
"belem","apartamento","2","450000.00"
"belem","casa","2","565000.00"
"belenzinho","apartamento","4","342500.00"
"benfica","casa","2","199999.00"
"bernardo monteiro","casa","6","363333.33"
"betania","apartamento","2","560000.00"
"boa vista","apartamento","22","343727.27"
"boa vista","casa","6","592666.67"
"bom jesus","apartamento","8","278000.00"
"bom jesus","casa","2","150000.00"
"bonfim","apartamento","15","260600.00"
"bonfim","studio","2","225000.00"
"bonsucesso","apartamento","2","150000.00"
"bosque","apartamento","10","359800.00"
"bosque","casa","4","379500.00"
"bosque","studio","2","150000.00"
"botafogo","apartamento","20","291500.00"
"botafogo","studio","2","150000.00"
"botujuru","casa","2","280000.00"
"bras","apartamento","14","427142.71"
"bras","studio","2","240000.00"
"brooklin","apartamento","2","2600000.00"
"brooklin paulista","studio","2","787000.00"
"buritis","apartamento","6","548333.33"
"bussocaba","apartamento","8","291000.00"
"cabral","apartamento","20","361900.00"
"cachoeirinha","apartamento","2","360000.00"
"cachoeirinha","casa","2","990000.00"
"caiapos","apartamento","4","237000.00"
"caicaras","apartamento","6","683333.33"
"california","apartamento","24","203750.00"
"camaqua","apartamento","18","209333.33"
"camaqua","casa","12","317833.33"
"camargos","apartamento","24","276000.00"
"camboinhas","apartamento","2","580000.00"
"camboinhas","casa","2","1900000.00"
"cambuci","apartamento","18","380444.44"
"cambuci","casa","4","394950.00"
"cambuci","studio","4","345000.00"
"cambui","apartamento","20","575800.00"
"camorim","apartamento","4","172500.00"
"campestre","apartamento","2","190000.00"
"campestre","casa","11","433545.45"
"campestre","studio","2","159900.00"
"campina","apartamento","18","165555.56"
"campina","casa","31","248903.23"
"campo belo","apartamento","6","1166666.67"
"campo novo","apartamento","6","153333.33"
"campo novo","casa","4","197500.00"
"campos eliseos","studio","2","280000.00"
"candida ferreira","apartamento","4","205000.00"
"canudos","apartamento","57","202977.19"
"canudos","casa","36","292388.89"
"carlos prates","apartamento","14","347000.00"
"carmo","apartamento","4","545000.00"
"cascadura","apartamento","6","206333.33"
"cascadura","casa","2","280000.00"
"castelo","apartamento","10","483400.00"
"castelo","casa","2","295000.00"
"cavalhada","apartamento","22","287771.82"
"cavalhada","casa","12","347500.00"
"centro","apartamento","405","335324.94"
"centro","casa","16","622875.00"
"centro","studio","24","280519.58"
"centro historico","apartamento","16","194250.00"
"centro historico","studio","4","147500.00"
"centro historico de sao paulo","apartamento","2","300000.00"
"cerqueira cesar","apartamento","2","3589000.00"
"cerqueira cesar","studio","2","410000.00"
"chacara belenzinho","apartamento","2","200000.00"
"chacara contagem","apartamento","2","215000.00"
"chacara contagem","casa","2","230000.00"
"chacara cotia","apartamento","2","330000.00"
"chacara cotia","casa","2","275000.00"
"chacara das pedras","apartamento","2","720000.00"
"chacara inglesa","casa","2","790000.00"
"chacara itaim","apartamento","2","19000000.00"
"chacara santo antonio zona sul","apartamento","2","900000.00"
"chacaras california","apartamento","6","216533.33"
"chacaras campos eliseos","casa","2","640000.00"
"chacara sergipe","apartamento","2","265000.00"
"chacaras reunidas santa terezinha","apartamento","10","201800.00"
"cidade antonio estevao de carvalho","apartamento","4","222500.00"
"cidade antonio estevao de carvalho","casa","2","500000.00"
"cidade baixa","apartamento","8","228750.00"
"cidade das flores","apartamento","10","271000.00"
"cidade das flores","casa","4","517500.00"
"cidade jardim","apartamento","2","500000.00"
"cidade jardim","casa","2","450000.00"
"cidade martins","casa","2","380000.00"
"cidade miramar","apartamento","4","302500.00"
"cidade miramar","casa","2","1385000.00"
"cidade moncoes","apartamento","2","1350000.00"
"cidade nova","apartamento","14","522857.14"
"cidade satelite iris","apartamento","2","155000.00"
"cidade universitaria","casa","2","660000.00"
"cinquentenario","apartamento","2","450000.00"
"city bussocaba","apartamento","2","460000.00"
"cocaia","apartamento","12","346666.67"
"colegio batista","apartamento","14","444285.71"
"colonia zona leste","apartamento","4","217500.00"
"conceicao","apartamento","25","251120.00"
"conceicao","studio","4","202000.00"
"concordia","apartamento","4","385000.00"
"condominio amazonas","apartamento","2","330000.00"
"conj. california","apartamento","4","440000.00"
"conjunto california","apartamento","4","180000.00"
"conjunto habitacional padre manoel da nobrega","apartamento","2","225000.00"
"conjunto habitacional padre manoel de paiva","apartamento","2","220000.00"
"conjunto habitacional teotonio vilela","apartamento","2","209000.00"
"conjunto residencial jose bonifacio","apartamento","6","212333.33"
"conjunto residencial parque bandeirantes","apartamento","2","200000.00"
"conjunto residencial pombeva","apartamento","2","365000.00"
"conjunto residencial pombeva","casa","2","495000.00"
"conjunto residencial souza queiroz","apartamento","16","201625.00"
"consolacao","apartamento","2","800000.00"
"consolacao","studio","2","499000.00"
"continental","apartamento","8","640250.00"
"cooperativa","apartamento","8","188000.00"
"copacabana","apartamento","4","187500.00"
"coqueiros","apartamento","2","335000.00"
"coqueiros","casa","4","580000.00"
"coracao eucaristico","apartamento","4","427500.00"
"coronel aparicio borges","casa","6","219666.67"
"costa e silva","casa","2","205000.00"
"cristal","apartamento","52","238173.08"
"cristal","casa","4","510000.00"
"cristo rei","apartamento","2","345000.00"
"cristo rei","studio","2","150000.00"
"cruzeiro","apartamento","4","482500.00"
"cubango","apartamento","6","318333.33"
"curicica","apartamento","4","195000.00"
"curicica","casa","2","165000.00"
"darcy vargas","apartamento","4","290000.00"
"darcy vargas","casa","6","226666.67"
"demarchi","apartamento","22","278690.91"
"demarchi","casa","2","400000.00"
"diamante","casa","2","250000.00"
"dic vi conjunto habitacional santo dias silva","casa","2","230000.00"
"dona clara","apartamento","2","500000.00"
"dos casa","apartamento","6","250000.00"
"dos casa","casa","4","340000.00"
"duque de caxias","apartamento","6","175666.67"
"duque de caxias","casa","2","244500.00"
"eldorado","apartamento","24","408166.67"
"eldorado","casa","12","343166.67"
"empresarial do mandu","apartamento","2","240000.00"
"engenhoca","apartamento","16","239875.00"
"engenhoca","casa","4","280000.00"
"engenho da rainha","apartamento","4","197500.00"
"engenho de dentro","apartamento","8","219225.00"
"engenho do mato","casa","10","620200.00"
"engenho nogueira","apartamento","4","277499.50"
"engenho novo","apartamento","10","192000.00"
"engenho novo","casa","2","150000.00"
"espirito santo","casa","6","518333.33"
"estancia velha","apartamento","33","234424.24"
"estancia velha","casa","14","418428.57"
"estrela do oriente","apartamento","2","270000.00"
"europa","apartamento","12","318666.67"
"europa","casa","8","658250.00"
"farroupilha","apartamento","4","229050.00"
"fatima","apartamento","26","224553.08"
"fatima","casa","2","990000.00"
"fazenda da juta","apartamento","2","210000.00"
"fazenda morumbi","apartamento","2","450000.00"
"fazenda sao borja","casa","2","240000.00"
"feitoria","apartamento","15","175066.67"
"feitoria","casa","38","268789.42"
"feitoria seller","casa","2","325000.00"
"fernao dias","apartamento","2","280000.00"
"ferrazopolis","apartamento","22","245090.91"
"ferrazopolis","casa","6","339095.33"
"fiao","apartamento","6","234000.00"
"fiao","casa","2","780000.00"
"flamengo","apartamento","4","266000.00"
"floresta","apartamento","6","267333.33"
"fonseca","apartamento","212","253947.17"
"fonseca","casa","64","493195.50"
"fonte grande","apartamento","14","248285.71"
"fonte grande","casa","2","400000.00"
"freguesia jacarepagua","apartamento","26","248846.15"
"freguesia jacarepagua","casa","10","407000.00"
"funcionarios","apartamento","12","558333.33"
"fundacao da casa popular","apartamento","4","300000.00"
"gloria","apartamento","16","255875.00"
"gloria","casa","4","370000.00"
"gopouva","apartamento","18","405888.89"
"gopouva","casa","4","366000.00"
"graca","apartamento","4","560000.00"
"grajau","apartamento","14","394000.00"
"guajuviras","apartamento","4","150000.00"
"guajuviras","casa","14","247700.00"
"guarani","apartamento","6","363333.33"
"guarani","casa","8","367250.00"
"guaruja","casa","2","580000.00"
"gutierrez","apartamento","18","545555.56"
"hamburgo velho","apartamento","14","314229.43"
"harmonia","apartamento","14","318714.29"
"harmonia","casa","30","361866.67"
"hawai justinopolis","casa","4","500000.00"
"heliopolis","apartamento","2","494700.00"
"higienopolis","studio","2","330000.00"
"hipica","casa","12","402333.33"
"horto","apartamento","4","305000.00"
"humaita","apartamento","4","230000.00"
"icarai","apartamento","120","655918.33"
"ideal","apartamento","14","242142.86"
"ideal","casa","6","696666.67"
"igara","apartamento","37","292378.38"
"igara","casa","10","389980.00"
"inconfidentes","apartamento","18","316111.11"
"inconfidentes","casa","2","650000.00"
"independencia","apartamento","2","255000.00"
"independencia","casa","2","430000.00"
"indianopolis","apartamento","4","1593000.00"
"indianopolis","studio","2","1593000.00"
" industrial","apartamento","2","165000.00"
"industrial","apartamento","10","273000.00"
"industrial","casa","2","670000.00"
"inga","apartamento","14","455349.00"
"inga","studio","2","497000.00"
"ipanema","apartamento","2","240000.00"
"ipanema","casa","10","437000.00"
"ipiranga","apartamento","38","536789.47"
"ipiranga","casa","4","325750.00"
"iraja","apartamento","2","180000.00"
"iraja","casa","2","166600.00"
"itaim bibi","apartamento","2","2700000.00"
"itaipu","apartamento","4","299000.00"
"itaipu","casa","12","813333.33"
"itanhanga","apartamento","18","184444.44"
"itaquera","apartamento","6","213666.67"
"itu sabara ","apartamento","2","225000.00"
"jacarepagua","apartamento","40","279428.60"
"jacarepagua","casa","12","327241.67"
"jaguare","apartamento","2","380000.00"
"jaguaribe","apartamento","24","334416.67"
"jaguaribe","casa","8","468750.00"
"jardim adriana","apartamento","4","275000.00"
"jardim adriana","casa","6","498333.33"
"jardim aero continental","casa","2","450000.00"
"jardim aida","apartamento","2","250000.00"
"jardim alice","apartamento","2","280000.00"
"jardim almeida prado","casa","2","489000.00"
"jardim alterosa","apartamento","2","320000.00"
"jardim alto da barra","apartamento","2","375000.00"
"jardim amazonas","apartamento","2","190000.00"
"jardim america","apartamento","8","274500.00"
"jardim america","casa","4","192500.00"
"jardim amoreiras","casa","2","600000.00"
"jardim anchieta","apartamento","6","180000.00"
"jardim anton von zuben","casa","2","630000.00"
"jardim artur alvim","apartamento","2","220000.00"
"jardim aurelia","apartamento","4","302000.00"
"jardim aurora zona leste","apartamento","2","220000.00"
"jardim baroneza","apartamento","2","380000.00"
"jardim bela vista","apartamento","4","271500.00"
"jardim bela vista","casa","6","781666.67"
"jardim boa esperanca","casa","2","670000.00"
"jardim bom clima","apartamento","12","389983.33"
"jardim botanico","apartamento","2","190000.00"
"jardim botucatu","apartamento","2","300000.00"
"jardim brasil","apartamento","4","1150500.00"
"jardim brasilandia","casa","4","675000.00"
"jardim campos eliseos","apartamento","8","243750.00"
"jardim campos eliseos","casa","2","295000.00"
"jardim cantareira","casa","2","445000.00"
"jardim capivari","apartamento","6","239666.67"
"jardim capivari","casa","2","350000.00"
"jardim carlos lourenco","casa","2","495000.00"
"jardim carvalho","apartamento","4","420000.00"
"jardim carvalho","casa","2","320000.00"
"jardim celeste","apartamento","4","255000.00"
"jardim chapadao","apartamento","2","630000.00"
"jardim cocaia","apartamento","22","311454.55"
"jardim cocaia","casa","2","700000.00"
"jardim copacabana","apartamento","2","265000.00"
"jardim crepusculo","casa","2","280000.00"
"jardim d’abril","apartamento","6","288333.33"
"jardim d’abril","casa","2","490000.00"
"jardim da gloria","studio","2","320000.00"
"jardim das acacias","apartamento","6","746666.67"
"jardim das acacias","casa","2","650000.00"
"jardim da saude","apartamento","4","242500.00"
"jardim das bandeiras","apartamento","18","201388.89"
"jardim das bandeiras","casa","2","380000.00"
"jardim das flores","apartamento","2","601000.00"
"jardim das flores","casa","2","760000.00"
"jardim das quatro marias","casa","2","340000.00"
"jardim do lago","apartamento","4","282500.00"
"jardim do lago continuacao","apartamento","10","196000.00"
"jardim do mar","apartamento","6","568666.67"
"jardim dona leopoldina","apartamento","6","198333.33"
"jardim do salso","apartamento","8","416000.00"
"jardim dos oliveiras","apartamento","2","200000.00"
"jardim do trevo","apartamento","2","290000.00"
"jardim do vovo","apartamento","2","202500.00"
"jardim ema","casa","2","300000.00"
"jardim ester yolanda","casa","2","600000.00"
"jardim eulina","casa","2","600000.00"
"jardim farina","casa","2","420000.00"
"jardim flamboyant","apartamento","8","294500.00"
"jardim flor da montanha","apartamento","43","551247.53"
"jardim flor do campo","casa","2","450000.00"
"jardim floresta","apartamento","4","240000.00"
"jardim garcia","apartamento","6","231666.67"
"jardim guanabara","apartamento","4","292500.00"
"jardim guarani","casa","2","798000.00"
"jardim ibitirama","apartamento","2","206000.00"
"jardim imperador","apartamento","2","350000.00"
"jardim independencia","apartamento","2","480000.00"
"jardim independencia sao paulo","apartamento","2","500000.00"
"jardim indianopolis","apartamento","2","275000.00"
"jardim indianopolis","casa","2","425000.00"
"jardim industrial","apartamento","2","215000.00"
"jardim industrial","casa","2","329000.00"
"jardim ipanema","casa","2","950000.00"
"jardim ipaussurama","apartamento","8","309000.00"
"jardim ipiranga","apartamento","6","189333.33"
"jardim iporanga","apartamento","2","215000.00"
"jardim iporanga","casa","4","333500.00"
"jardim iraja","apartamento","2","200000.00"
"jardim itu","apartamento","6","206333.33"
"jardim itu","casa","2","997000.00"
"jardim itu sabara","apartamento","2","210000.00"
"jardim jau zona leste","casa","2","450000.00"
"jardim laguna","casa","2","550000.00"
"jardim leblon","casa","4","192500.00"
"jardim maia","apartamento","2","699000.00"
"jardim marcia","apartamento","12","213333.33"
"jardim maria estela","apartamento","4","260000.00"
"jardim maua","casa","2","410000.00"
"jardim miranda","apartamento","2","230000.00"
"jardim moreira","casa","2","415000.00"
"jardim myrian moreira da costa","apartamento","2","320000.00"
"jardim norma","casa","2","320000.00"
"jardim nova europa","apartamento","26","328453.77"
"jardim nova europa","casa","2","480000.00"
"jardim nova petropolis","casa","2","650000.00"
"jardim nova taboao","apartamento","2","520000.00"
"jardim novo campos eliseos","apartamento","2","180000.00"
"jardim novo campos eliseos","casa","10","556000.00"
"jardim odete","apartamento","4","240000.00"
"jardim olavo bilac","apartamento","4","282000.00"
"jardim pacaembu","apartamento","2","235000.00"
"jardim paraiso","apartamento","2","260000.00"
"jardim paraiso de viracopos","apartamento","2","275000.00"
"jardim paraiso de viracopos","casa","2","275000.00"
"jardim paramount","apartamento","2","835000.00"
"jardim paraventi","apartamento","2","260000.00"
"jardim paraventi","casa","4","632500.00"
"jardim pauliceia","apartamento","8","211363.00"
"jardim paulista","apartamento","2","750000.00"
"jardim popular","casa","2","490000.00"
"jardim portugal","apartamento","2","635000.00"
"jardim proenca","apartamento","4","305000.00"
"jardim riacho das pedras","apartamento","11","430057.36"
"jardim riacho das pedras","casa","2","390000.00"
"jardim roberto","apartamento","24","301833.33"
"jardim rosa de franca","apartamento","4","295000.00"
"jardim roseira","apartamento","2","370000.00"
"jardim samambaia","apartamento","4","264420.50"
"jardim santa barbara","apartamento","4","250000.00"
"jardim santa beatriz","casa","2","1030000.00"
"jardim santa cecilia","casa","2","390000.00"
"jardim santa clara","apartamento","2","350000.00"
"jardim santa clara","casa","4","615000.00"
"jardim santa emilia","apartamento","2","285500.00"
"jardim santa mena","apartamento","2","894900.00"
"jardim santa mena","casa","4","645000.00"
"jardim sao fernando","casa","2","350000.00"
"jardim sao francisco zona leste","apartamento","4","200000.00"
"jardim sao gabriel","apartamento","2","245000.00"
"jardim sao jose","apartamento","4","188622.50"
"jardim sao judas tadeu","apartamento","18","285888.89"
"jardim sao luis","apartamento","6","238333.33"
"jardim sao luiz","apartamento","2","200000.00"
"jardim sao paulo","casa","2","320000.00"
"jardim sao pedro","apartamento","4","217500.00"
"jardim sao ricardo","apartamento","4","349500.00"
"jardim sao roberto","casa","2","400000.00"
"jardim sao sebastiao","apartamento","2","240000.00"
"jardim sapopemba","casa","2","320000.00"
"jardim silvina","apartamento","2","200000.00"
"jardim testae","apartamento","4","345000.00"
"jardim tijuco","apartamento","2","280000.00"
"jardim tranquilidade","apartamento","2","280000.00"
"jardim valdibia","apartamento","6","296666.67"
"jardim valeria","apartamento","6","351666.67"
"jardim vera cruz","apartamento","6","266666.67"
"jardim vergueiro sacoma","apartamento","2","270000.00"
"jardim vila galvao","apartamento","2","320000.00"
"jardim vila galvao","casa","2","680000.00"
"jardim yraja","apartamento","2","218000.00"
"jardim zaira","apartamento","6","686666.67"
"jd maria eugenia","casa","2","458000.00"
"jk","apartamento","8","378749.75"
"joao pinheiro","apartamento","2","260000.00"
"jordanopolis","apartamento","4","255000.00"
"kennedy","apartamento","2","160000.00"
"km 18","apartamento","8","351000.00"
"km 18","casa","7","331285.71"
"lagoinha","apartamento","6","329900.00"
"lagoinha","casa","2","450000.00"
"largo da batalha","apartamento","4","310000.00"
"lauzane paulista","apartamento","2","280000.00"
"liberdade","apartamento","22","317727.27"
"liberdade","casa","6","360666.67"
"linda vista","apartamento","4","413500.00"
"lins de vasconcelos","apartamento","8","197500.00"
"loteamento country ville","apartamento","6","218333.33"
"loteamento parque recreio","casa","2","200000.00"
"loteamento parque sao martinho","apartamento","2","215000.00"
"lourdes","apartamento","4","450000.00"
"lucio de abreu","casa","2","300000.00"
"luxemburgo","apartamento","2","820000.00"
"macedo","apartamento","60","370321.67"
"macedo","casa","8","555000.00"
"maceio","apartamento","14","405000.00"
"maceio","casa","2","1425000.00"
"madre gertrudes","apartamento","6","258000.00"
"madre gertrudes","casa","4","457500.00"
"madureira","apartamento","8","213987.50"
"manacas","apartamento","4","309950.00"
"mansoes santo antonio","apartamento","6","646666.67"
"mantiqueira","casa","2","170000.00"
"maracana","apartamento","4","590000.00"
"maravista","casa","4","735000.00"
"marechal rondon","apartamento","34","376058.82"
"marechal rondon","casa","2","520000.00"
"marechal rondon","studio","2","470000.00"
"maria paula","apartamento","4","227500.00"
"maria paula","casa","16","602500.00"
"mario quintana","apartamento","2","150000.00"
"mario quintana","casa","2","685000.00"
"mata paca","casa","4","682500.00"
"matapaca","casa","2","435000.00"
"mathias velho","apartamento","4","155000.00"
"mathias velho","casa","12","385833.33"
"mato grande","apartamento","68","180982.35"
"mato grande","casa","16","249375.00"
"maua","apartamento","4","412500.00"
"maua","casa","2","385000.00"
"medianeira","apartamento","6","280000.00"
"medianeira","casa","4","319500.00"
"meier","apartamento","6","243333.33"
"menino deus","apartamento","10","270980.00"
"menino deus","studio","2","120000.00"
"metalurgicos","apartamento","4","212500.00"
"metalurgicos","casa","4","389500.00"
"milanez","apartamento","2","165000.00"
"milionarios","casa","2","160000.00"
"miramar barreiro","casa","4","252500.00"
"mirandopolis","apartamento","2","1484000.00"
"mirandopolis","studio","4","287500.00"
"moema","apartamento","2","1500000.00"
"montanhao","apartamento","6","210000.00"
"montanhao","casa","2","200000.00"
"monte azul","apartamento","2","175000.00"
"monte castelo","apartamento","2","260000.00"
"mooca","apartamento","32","504187.50"
"morro do confisco","apartamento","4","260500.00"
"morro do espelho","apartamento","2","350000.00"
"morros","apartamento","2","250000.00"
"morro santana","apartamento","6","249966.67"
"morro santana","casa","6","360000.00"
"morumbi","apartamento","2","285000.00"
"muriqui","casa","2","550000.00"
"nacional","apartamento","6","209666.67"
"nascentes imperiais","casa","2","230000.00"
"niteroi","apartamento","6","189666.67"
"niteroi","casa","14","335571.43"
"nonoai","apartamento","20","278550.00"
"nonoai","casa","2","350000.00"
"nossa senhora das gracas","apartamento","16","289625.00"
"nossa senhora das gracas","casa","14","387714.29"
"nova cachoeirinha","apartamento","6","291666.67"
"nova cachoeirinha","casa","4","312500.00"
"nova campinas","apartamento","4","474000.00"
"nova cintra","casa","2","200000.00"
"nova esperanca","apartamento","2","380000.00"
"nova esperanca","casa","2","300000.00"
"nova floresta","apartamento","2","305000.00"
"nova gameleira","apartamento","2","330000.00"
"nova granada","apartamento","2","560000.00"
"nova petropolis","apartamento","18","333399.78"
"nova petropolis","casa","10","609100.00"
"nova petropolis ","apartamento","2","260000.00"
"nova suica","apartamento","4","347000.00"
"nova vista","apartamento","4","347500.00"
"novo eldorado","apartamento","14","334285.71"
"novo eldorado","casa","6","512666.67"
"novo gloria","casa","6","451666.67"
"novo osasco","apartamento","39","309312.82"
"novo osasco","casa","6","352666.67"
"novo riacho","apartamento","12","247483.33"
"oitis","casa","2","340000.00"
"olaria","apartamento","20","171600.00"
"olaria","casa","16","275500.00"
"operario","apartamento","6","255000.00"
"operario","casa","6","324333.33"
"ouro branco","apartamento","10","201034.00"
"ouro preto","apartamento","6","446000.00"
"padre eustaquio","apartamento","18","410000.00"
"padre eustaquio","casa","2","475000.00"
"padroeira","apartamento","14","268520.43"
"padroeira","casa","8","293750.00"
"palmares","apartamento","2","320000.00"
"palmares","casa","2","310000.00"
"palmeiras","apartamento","2","490000.00"
"pampulha","apartamento","2","433000.00"
"paqueta","apartamento","6","316333.33"
"paqueta","casa","2","160000.00"
"parada de lucas","apartamento","2","165000.00"
"parada xv de novembro","apartamento","2","230000.00"
"parada xv de novembro","casa","2","260000.00"
"paraiso","apartamento","4","2000000.00"
"parque brasilia","apartamento","2","220000.00"
"parque camboriu","casa","2","450000.00"
"parque cecap","apartamento","16","337625.00"
"parque cecap","casa","2","300000.00"
"parque continental i","casa","2","200000.00"
"parque continental ii","casa","2","780000.00"
"parque copacabana","apartamento","2","180000.00"
"parque da mooca","apartamento","8","499825.00"
"parque das cachoeiras","apartamento","2","290000.00"
"parque dos passaros","apartamento","2","255000.00"
"parque espacial","apartamento","2","272000.00"
"parque fazendinha","apartamento","10","357400.00"
"parque flamengo","casa","4","770000.00"
"parque fongaro","casa","2","385000.00"
"parque imperador","casa","2","550000.00"
"parque ipiranga","casa","2","455000.00"
"parque jabaquara","casa","2","250000.00"
"parque maracana","apartamento","10","174500.00"
"parque prado","apartamento","4","550000.00"
"parque renato maia","apartamento","4","294000.00"
"parque residencial vila uniao","apartamento","30","170732.67"
"parque residencial vila uniao","casa","2","580000.00"
"parque res. vila uniao","apartamento","2","155000.00"
"parque riacho das pedras 2a secao","apartamento","2","180000.00"
"parque santo antonio","casa","2","200000.00"
"parque sao jose","casa","2","650000.00"
"parque selecta","apartamento","2","220000.00"
"parque taquaral","casa","2","575000.00"
"parque terra nova","apartamento","4","345000.00"
"parque terra nova","casa","2","890000.00"
"parque xangri-la","apartamento","4","317500.00"
"parque xangri-la","casa","6","307666.67"
"partenon","apartamento","33","239757.58"
"partenon","casa","4","450000.00"
"passo das pedras","casa","2","269900.00"
"patria nova","apartamento","10","311000.00"
"patria nova","casa","4","556500.00"
"pauliceia","apartamento","8","283750.00"
"pechincha","apartamento","47","234744.68"
"pechincha","casa","12","334166.67"
"pedra azul","casa","4","290000.00"
"pedra redonda","casa","2","390000.00"
"pedro ii","apartamento","2","780000.00"
"pendotiba","apartamento","8","290000.00"
"penha","casa","2","230000.00"
"penha de franca","apartamento","4","300000.00"
"pe pequeno","apartamento","2","385000.00"
"pestana","casa","6","636666.67"
"petropolis","apartamento","12","340804.33"
"picaco","apartamento","2","575000.00"
"picanco","apartamento","6","518000.00"
"picanco","casa","2","380000.00"
"piedade","apartamento","8","190000.00"
"piedade","casa","4","285000.00"
"pinheiro","apartamento","12","175833.33"
"pinheiro","casa","2","680000.00"
"piratininga","apartamento","10","400000.00"
"piratininga","casa","20","580300.00"
"piratininga","studio","2","190000.00"
"planalto","apartamento","35","383542.86"
"planalto","casa","6","547333.33"
"planalto paulista","apartamento","2","780000.00"
"ponte grande","apartamento","4","475000.00"
"ponte preta","apartamento","8","348750.00"
"prado","apartamento","4","245000.00"
"praia de belas","apartamento","10","202400.00"
"presidente altino","apartamento","6","364633.33"
"presidente altino","casa","2","775000.00"
"primavera","apartamento","6","261666.67"
"protasio alves","apartamento","8","227000.00"
"protasio alves","casa","2","240000.00"
"quarta parada","apartamento","4","512500.00"
"quinta da paineira","apartamento","4","795000.00"
"quintino bocaiuva","apartamento","2","180000.00"
"quintino bocaiuva","casa","6","185975.33"
"quitauna","apartamento","10","370000.00"
"quitauna","casa","6","456666.67"
"recreio dos bandeirantes","apartamento","4","400000.00"
"renascenca","apartamento","4","482500.00"
"republica","apartamento","2","270000.00"
"republica","casa","2","315900.00"
"residencial parque da fazenda","apartamento","2","390000.00"
"ressaca","casa","2","530000.00"
"riacho das pedras","apartamento","6","208333.33"
"riacho das pedras","casa","2","310000.00"
"riachuelo","apartamento","2","180000.00"
"rincao","casa","4","372500.00"
"rio branco","apartamento","30","286800.00"
"rio branco","casa","20","311477.40"
"rio comprido","apartamento","2","440000.00"
"rio dos sinos","apartamento","30","203533.33"
"rio dos sinos","casa","14","344529.00"
"rocha","apartamento","2","160000.00"
"rocha","casa","2","900000.00"
"rondonia","apartamento","38","201131.58"
"rondonia","casa","10","399000.00"
"rondonia ","apartamento","2","430000.00"
"rubem berta","apartamento","6","203000.00"
"rubem berta","casa","4","207500.00"
"rudge ramos","apartamento","6","470000.00"
"sacoma","apartamento","6","306666.67"
"sacoma","casa","2","285000.00"
"sagrada familia","apartamento","16","550625.00"
"sagrada familia","casa","2","695000.00"
"salgado filho","apartamento","2","395000.00"
"sampaio","casa","2","240000.00"
"santa amelia","apartamento","6","318333.33"
"santa branca","apartamento","2","245000.00"
"santa branca","casa","2","680000.00"
"santa cruz","apartamento","6","556666.67"
"santa cruz industrial","apartamento","8","398750.00"
"santa efigenia","apartamento","4","490000.00"
"santa ifigenia","apartamento","2","310000.00"
"santa lucia","apartamento","4","589000.00"
"santa maria","apartamento","33","283872.12"
"santa maria","casa","8","343750.00"
"santa monica","apartamento","2","350000.00"
"santa monica","casa","4","282500.00"
"santana","apartamento","2","380000.00"
"santa rosa","apartamento","72","433625.00"
"santa rosa","casa","8","420000.00"
"santa rosa ","apartamento","2","485000.00"
"santa rosa de lima","casa","2","290000.00"
"santa teresa","apartamento","6","404000.00"
"santa teresa","casa","8","290750.00"
"santa tereza","apartamento","14","211714.29"
"santa tereza","casa","4","187500.00"
"santa terezinha","apartamento","49","264491.39"
"santa terezinha","casa","2","584000.00"
"santo afonso","apartamento","40","190599.50"
"santo afonso","casa","24","255400.00"
"santo agostinho","apartamento","2","696000.00"
"santo andre","apartamento","22","206809.09"
"santo andre","casa","8","335000.00"
"santo antonio","apartamento","28","347142.86"
"santo antonio","casa","10","417287.00"
"santos dumont","apartamento","58","170000.00"
"santos dumont","casa","38","200157.89"
"santos dumontt","apartamento","2","175000.00"
"sao bernardo","apartamento","6","340000.00"
"sao cristovao","studio","2","150000.00"
"sao cristovao ","apartamento","2","220000.00"
"sao francisco","apartamento","4","652000.00"
"sao francisco","casa","8","872500.00"
"sao francisco xavier","apartamento","2","205000.00"
"sao geraldo","apartamento","2","470000.00"
"sao joao","apartamento","2","245000.00"
"sao joao batista","apartamento","4","262500.00"
"sao joao batista","casa","2","280000.00"
"sao joao batista venda nova","apartamento","2","220000.00"
"sao joao climaco","apartamento","2","330000.00"
"sao jorge","apartamento","18","255111.11"
"sao jorge","casa","4","465000.00"
"sao jose","apartamento","42","216619.05"
"sao jose","casa","26","425384.62"
"sao lourenco","apartamento","2","295000.00"
"sao lucas","casa","2","579000.00"
"sao luis","apartamento","2","260000.00"
"sao luis","casa","2","277000.00"
"sao miguel","apartamento","41","170975.61"
"sao pedro","apartamento","49","290510.20"
"sao pedro","casa","4","240000.00"
"sao salvador","apartamento","4","270000.00"
"sao salvador","casa","4","220000.00"
"sao sebastiao","apartamento","6","305000.00"
"sape","casa","2","500000.00"
"sapucaias","apartamento","6","170000.00"
"sapucaias i","apartamento","4","160000.00"
" sapucaias iii ","apartamento","2","165000.00"
"sapucaias iii","apartamento","2","220000.00"
"sapucaias iii","casa","2","319000.00"
"sarandi","apartamento","4","220000.00"
"sarandi","casa","2","195000.00"
"saude","apartamento","2","205000.00"
"saude","studio","2","345000.00"
"scharlau","apartamento","18","258888.89"
"scharlau","casa","28","432392.86"
"se","apartamento","2","265000.00"
"serra","apartamento","14","748142.86"
"serra grande","casa","6","486666.67"
"serrano","apartamento","16","314537.50"
"serrano","casa","4","658000.00"
"serra verde","casa","2","200000.00"
"silveira","apartamento","2","390000.00"
"sion","apartamento","4","660000.00"
"sitio da figueira","apartamento","2","360000.00"
"sta cruz ind","apartamento","2","650000.00"
"suico","apartamento","2","270000.00"
"taboao","apartamento","4","220000.00"
"tanque","apartamento","14","254571.43"
"tanque","casa","8","275000.00"
"taquara","apartamento","114","228257.65"
"taquara","casa","40","390015.70"
"taquara jacarepagua","apartamento","2","310000.00"
"taquaral","apartamento","6","579999.67"
"tatuape","apartamento","3","505333.33"
"tenente jardim","apartamento","2","180000.00"
"tenente jardim","casa","2","400000.00"
"teresopolis","apartamento","37","310297.30"
"teresopolis","casa","4","545000.00"
"tijuca","apartamento","4","590000.00"
"tijuca","casa","2","880000.00"
"tijuco","casa","2","799000.00"
"todos os santos","apartamento","2","180000.00"
"tres barras","apartamento","7","282857.14"
"tres barras","casa","4","585000.00"
"trevo","casa","10","276000.00"
"tristeza","apartamento","8","226750.00"
"tristeza","casa","4","694500.00"
"tropical","apartamento","2","295000.00"
"tropical","casa","2","250000.00"
"umuarama","apartamento","18","517788.78"
"umuarama","casa","4","977500.00"
"uniao","apartamento","4","479500.00"
"urca","apartamento","4","220000.00"
"vargem grande","apartamento","2","229000.00"
"vargem grande","casa","10","357800.00"
" vargem pequena","apartamento","2","165000.00"
"vargem pequena","apartamento","2","205000.00"
"vargem pequena","casa","4","432500.00"
"veloso","apartamento","14","224285.71"
"veloso","casa","4","307500.00"
"venda da cruz","apartamento","4","227500.00"
"venda nova","apartamento","2","250000.00"
"vera cruz","apartamento","2","220000.00"
"vicentina","apartamento","2","135000.00"
"vicentina","casa","8","167500.00"
"vila agua funda","apartamento","2","335000.00"
"vila alcantara","casa","2","275000.00"
"vila alpina","apartamento","4","315000.00"
"vila alves dias","apartamento","2","290000.00"
"vila alves dias","casa","10","488431.40"
"vila alvinopolis","casa","2","760000.00"
"vila andrade","apartamento","4","1202500.00"
"vila arapua","apartamento","2","290000.00"
"vila assuncao","apartamento","2","360000.00"
"vila assuncao","casa","2","210000.00"
"vila augusta","apartamento","22","671000.00"
"vila augusta","casa","4","625000.00"
"vila barros","apartamento","11","439909.09"
"vila barros","casa","4","682500.00"
"vila bela","apartamento","6","363333.33"
"vila bela","casa","4","370000.00"
"vila belem","apartamento","2","145000.00"
"vila belem","casa","2","365000.00"
"vila beneves","casa","4","890000.00"
"vila brandina","apartamento","2","650000.00"
"vila bremen","apartamento","4","274000.00"
"vila camargos","apartamento","4","547500.00"
"vila camargos","studio","2","420000.00"
"vila caminho do mar","apartamento","2","275000.00"
"vila campesina","apartamento","2","388976.00"
"vila campestre","apartamento","4","339000.00"
"vila campos sales","apartamento","4","220000.00"
"vila carioca","casa","2","700000.00"
"vila carrao","casa","6","489666.67"
"vila clementino","apartamento","4","421350.00"
"vila clementino","studio","4","387500.00"
"vila cloris","apartamento","2","190000.00"
"vila cloris","casa","4","192500.00"
"vila conceicao","casa","4","452500.00"
"vila copacabana","casa","2","390000.00"
"vila cruzeiro","casa","2","270000.00"
"vila da penha","apartamento","2","310000.00"
"vila da penha","casa","2","170000.00"
"vila da saude","apartamento","12","552666.67"
"vila das merces","casa","2","395000.00"
"vila das palmeiras","apartamento","2","365000.00"
"vila das palmeiras","casa","2","390000.00"
"vila dom pedro i","apartamento","2","760000.00"
"vila dusi","apartamento","2","435000.00"
"vila dutra","casa","2","295000.00"
"vila ema","apartamento","2","560000.00"
"vila ester","casa","2","280000.00"
"vila euclides","apartamento","6","401666.67"
"vila euclides","casa","2","410000.00"
"vila euro","apartamento","6","361666.67"
"vila faustina ii","apartamento","2","320000.00"
"vila ferreira","apartamento","4","200000.00"
"vila florida","apartamento","6","256666.67"
"vila florida","casa","2","700000.00"
"vila galvao","apartamento","8","767500.00"
"vila galvao","casa","4","389500.00"
"vila georgina","apartamento","2","240000.00"
"vila gomes cardim","apartamento","2","370000.00"
"vila goncalves","apartamento","6","292666.67"
"vila goncalves","casa","2","495000.00"
"vila guarani zona sul","apartamento","2","465000.00"
"vila guararapes","apartamento","2","340000.00"
"vila imaculada","apartamento","4","260000.00"
"vila independencia","apartamento","4","330000.00"
"vila industrial","apartamento","8","350000.00"
"vila industrial campinas","apartamento","10","295000.00"
"vila invernada","casa","2","430000.00"
"vila ipiranga","apartamento","2","430000.00"
"vila isabel","apartamento","6","363333.33"
"vila italia","apartamento","2","170000.00"
"vila itapura","apartamento","10","502000.00"
"vila ivone","apartamento","4","277500.00"
"vila jardim","apartamento","2","150000.00"
"vila jardim leblon","casa","2","285000.00"
"vila jerusalem","apartamento","6","271666.67"
"vila joao jorge","apartamento","6","335000.00"
"vila joao pessoa","apartamento","2","182500.00"
"vila joaquim inacio","apartamento","2","180000.00"
"vila jordanopolis","casa","2","418700.00"
"vila jupiter","casa","2","450000.00"
"vila lanzara","apartamento","2","806180.00"
"vila lemos","apartamento","2","250000.00"
"vila leonor","apartamento","2","298000.00"
"vila lidia","apartamento","4","175000.00"
"vila liviero","apartamento","4","235000.00"
"vila luiz casa","casa","2","390000.00"
"vila lusitania","apartamento","4","915000.00"
"vila magnesita","apartamento","4","172500.00"
"vila maria eugenia","apartamento","2","285000.00"
"vila maria eugenia","casa","6","371666.67"
"vila mariana","apartamento","26","943584.62"
"vila mariana","casa","2","700000.00"
"vila mariana","studio","12","453316.67"
"vila maricy","apartamento","2","245000.00"
"vila marieta","apartamento","6","327666.67"
"vila marieta","casa","2","470000.00"
"vila medeiros","casa","2","270000.00"
"vila milton","apartamento","2","320000.00"
"vila mimosa","apartamento","8","221000.00"
"vila miriam","apartamento","2","350000.00"
"vila moinho velho","apartamento","2","300000.00"
"vila monumento","apartamento","4","839000.00"
"vila monumento","casa","2","679000.00"
"vila moraes","apartamento","2","350000.00"
"vila moreira","apartamento","4","717500.00"
"vila nossa senhora de fatima","apartamento","4","311000.00"
"vila nossa senhora de fatima","casa","2","499000.00"
"vila nova","apartamento","42","245323.81"
"vila nova","casa","24","429333.33"
"vila nova conceicao","apartamento","8","749750.00"
"vila nova mazzei","casa","2","640000.00"
"vila olga","apartamento","2","290000.00"
"vila olimpia","apartamento","5","2250000.00"
"vila olimpia","studio","2","759000.00"
"vila oratorio","apartamento","2","425000.00"
"vila osasco","apartamento","48","567497.88"
"vila osasco","casa","2","710000.00"
"vila padre manoel de nobrega","apartamento","2","175000.00"
"vila panama","casa","4","256000.00"
"vila paris","apartamento","2","750000.00"
"vila planalto","apartamento","2","300000.00"
"vila planalto","casa","2","385000.00"
"vila pompeia ","casa","2","530000.00"
"vila progresso","apartamento","4","441000.00"
"vila progresso","casa","4","820000.00"
"vila proost de souza","apartamento","2","190000.00"
"vila proost de souza","casa","2","450000.00"
"vila prudente","apartamento","12","281500.00"
"vila prudente","studio","2","260000.00"
"vila re","casa","2","200000.00"
"vila regente feijo","apartamento","2","800000.00"
"vila regina","apartamento","2","210000.00"
"vila rica","casa","2","255000.00"
"vila rio","apartamento","2","250000.00"
"vila rio de janeiro","apartamento","4","222500.00"
"vila rosa","apartamento","23","350686.96"
"vila rosa","casa","2","355000.00"
"vila rosalia","apartamento","14","461428.57"
"vila rosalia","casa","4","465000.00"
"vila rossi","apartamento","2","554000.00"
"vila rossi borghi e siqueira","apartamento","2","385000.00"
"vila santa cassia","apartamento","2","445000.00"
"vila santa clara","apartamento","2","293000.00"
"vila santa clara","casa","2","618000.00"
"vila santa maria","casa","2","530000.00"
"vila santana","apartamento","2","239500.00"
"vila santa rita de cassia","apartamento","6","315000.00"
"vila santo antonio","apartamento","4","634500.00"
"vila sao joao batista","casa","6","516666.67"
"vila sao jose","apartamento","2","170000.00"
"vila sao rafael","apartamento","2","240000.00"
"vila sao silverio","casa","2","400000.00"
"vila saturnia","apartamento","2","335000.00"
"vila silveira","apartamento","2","310000.00"
"vila silvia","apartamento","8","193750.00"
"vila sonia","apartamento","2","435000.00"
"vila teresa","casa","2","250000.00"
"vila tereza","casa","2","745000.00"
"vila tijuco","apartamento","4","371157.50"
"vila trinta e um de marco","apartamento","2","240000.00"
"vila venditti","apartamento","4","327500.00"
"vila verde","casa","2","300000.00"
"vila vermelha","apartamento","4","565000.00"
"vila yolanda","apartamento","12","300000.00"
"vila yolanda","casa","6","619666.67"
"vila zamataro","apartamento","4","250000.00"
"vila zanardi","apartamento","4","355000.00"
"vila zelina","casa","2","550000.00"
"vital brasil","apartamento","4","655000.00"
"v p manoel nobrega","apartamento","2","150000.00"
"xangri-la","casa","2","290000.00"
