"estado","cidade","regiao","preco_medio"
"sp","guarulhos","jardim valeria","351666.67"
"sp","guarulhos","parque continental i","200000.00"
"sp","sao paulo","cidade antonio estevao de carvalho","315000.00"
"mg","belo horizonte","nova gameleira","330000.00"
"rj","rio de janeiro","abolicao","150000.00"
"mg","belo horizonte","renascenca","482500.00"
"rs","porto alegre","vila jardim","150000.00"
"sp","campinas","vila pompeia ","530000.00"
"sp","campinas","loteamento country ville","218333.33"
"rs","contagem","jardim riacho das pedras","423894.69"
"mg","belo horizonte","serra","748142.86"
"sp","sao bernardo do campo","jardim yraja","218000.00"
"rs","contagem","santa cruz industrial","398750.00"
"sp","sao paulo","jardim popular","490000.00"
"rj","niteroi","venda da cruz","200000.00"
"sp","novo hamburgo","liberdade","254571.43"
"sp","osasco","veloso","242777.78"
"sp","sao paulo","conjunto habitacional teotonio vilela","209000.00"
"mg","belo horizonte","guarani","270000.00"
"mg","belo horizonte","sao joao batista venda nova","220000.00"
"mg","belo horizonte","cruzeiro","482500.00"
"sp","campinas","jardim indianopolis","350000.00"
"rs","contagem","jk","378749.75"
"sp","sao paulo","tatuape","505333.33"
"sp","sao paulo","saude","275000.00"
"rs","belo horizonte","santa terezinha","314013.00"
"rs","porto alegre","campo novo","171000.00"
"rj","rio de janeiro","vila isabel","363333.33"
"rj","niteroi","badu","626350.00"
"mg","belo horizonte","pampulha","433000.00"
"mg","belo horizonte","lourdes","450000.00"
"rj","rio de janeiro","anil","254000.00"
"mg","belo horizonte","nova granada","560000.00"
"sp","guarulhos","vila zamataro","250000.00"
"sp","guarulhos","vila bremen","274000.00"
"rs","porto alegre","sao jose","277375.00"
"sp","campinas","cidade satelite iris","155000.00"
"rs","contagem","arvoredo ii","270750.00"
"rs","canoas","nossa senhora das gracas","335400.00"
"mg","belo horizonte","sao pedro","680000.00"
"sp","sao bernardo do campo","jardim silvina","200000.00"
"sp","osasco","jardim das flores","680500.00"
"mg","belo horizonte","pedro ii","780000.00"
"mg","belo horizonte","coqueiros","580000.00"
"sp","sao bernardo do campo","jardim olavo bilac","282000.00"
"sp","sao paulo","vila mariana","784325.00"
"rj","rio de janeiro","curicica","185000.00"
"rs","porto alegre","jardim dona leopoldina","198333.33"
"sp","campinas","residencial parque da fazenda","390000.00"
"sp","campinas","jardim myrian moreira da costa","320000.00"
"sp","sao paulo","chacara santo antonio zona sul","900000.00"
"rs","porto alegre","ipanema","404166.67"
"sp","sao bernardo do campo","parque dos passaros","255000.00"
"mg","belo horizonte","luxemburgo","820000.00"
"rj","rio de janeiro","benfica","199999.00"
"rj","rio de janeiro","piedade","221666.67"
"rs","contagem","tijuco","799000.00"
"rs","sao leopoldo","duque de caxias","192875.00"
"sp","sao leopoldo","feitoria","212500.00"
"sp","campinas","jardim roseira","370000.00"
"rj","niteroi","maceio","532500.00"
"rs","belo horizonte","serrano","389662.50"
"sp","campinas","jardim proenca","305000.00"
"mg","belo horizonte","santa amelia","318333.33"
"sp","sao bernardo do campo","vila caminho do mar","275000.00"
"sp","sao paulo","aclimacao","370000.00"
"rs","contagem","inconfidentes","349500.00"
"rs","sao leopoldo","feitoria seller","325000.00"
"rj","niteroi","cubango","318333.33"
"sp","sao bernardo do campo","vila jordanopolis","418700.00"
"sp","campinas","jardim anchieta","180000.00"
"rs","porto alegre","chacara das pedras","720000.00"
"mg","belo horizonte","palmeiras","490000.00"
"rs","porto alegre","santa tereza","206333.33"
"sp","campinas","jardim bela vista","198000.00"
"sp","campinas","jardim do lago continuacao","196000.00"
"rs","sao leopoldo","vila teresa","250000.00"
"sp","osasco","quitauna","402500.00"
"sp","sao bernardo do campo","cooperativa","188000.00"
"sp","guarulhos","vila maricy","245000.00"
"sp","novo hamburgo","vila rosa","351032.00"
"sp","osasco","bonfim","237500.00"
"mg","belo horizonte","vila cloris","191666.67"
"sp","taboao sao bernardo do campo","taboao","220000.00"
"rj","niteroi","maria paula","527500.00"
"sp","guarulhos","jardim crepusculo","280000.00"
"sp","novo hamburgo","rondonia ","430000.00"
"rs","sao leopoldo","campestre","364586.67"
"sp","campinas","parque prado","550000.00"
"sp","osasco","alianca","340000.00"
"sp","sao bernardo do campo","vila jupiter","450000.00"
"mg","belo horizonte","planalto","299000.00"
"rj","rio de janeiro","rocha","160000.00"
"sp","novo hamburgo","sao jose","290000.00"
"rs","sao leopoldo","pinheiro","247857.14"
"sp","sao paulo","jardim independencia","480000.00"
"rs","porto alegre","vila sao jose","170000.00"
"sp","campinas","jardim do vovo","202500.00"
"sp","sao paulo","vila regente feijo","800000.00"
"sp","sao bernardo do campo","centro","444005.50"
"sp","guarulhos","vila rio","250000.00"
"sp","novo hamburgo","boa vista","397071.43"
"rs","canoas","mato grande","194009.52"
"sp","osasco","jardim roberto","301833.33"
"rs","porto alegre","agronomia","200000.00"
"sp","sao bernardo do campo","jardim paramount","835000.00"
"sp","guarulhos","camargos","435000.00"
"sp","guarulhos","jardim flor do campo","450000.00"
"sp","campinas","vila lemos","250000.00"
"sp","sao paulo","vila vermelha","565000.00"
"rj","rio de janeiro","barra da tijuca","350000.00"
"rs","contagem","pedra azul","350000.00"
"sp","sao paulo","ipiranga","532088.24"
"mg","belo horizonte","ipiranga","451250.00"
"mg","belo horizonte","coracao eucaristico","427500.00"
"rs","contagem","nacional","209666.67"
"sp","campinas","vila italia","170000.00"
"sp","sao paulo","quinta da paineira","795000.00"
"rs","porto alegre","farroupilha","229050.00"
"sp","osasco","sao pedro","271274.51"
"rs","contagem","centro","355000.00"
"sp","guarulhos","jardim flor da montanha","551247.53"
"sp","guarulhos","jardim nova taboao","520000.00"
"rs","porto alegre","camaqua","252733.33"
"rs","porto alegre","itu sabara ","225000.00"
"sp","sao bernardo do campo","suico","270000.00"
"mg","belo horizonte","sao geraldo","470000.00"
"rs","porto alegre","hipica","402333.33"
"sp","osasco","santo antonio","398062.14"
"sp","sao paulo","vila invernada","430000.00"
"mg","belo horizonte","santo antonio","541250.00"
"mg","belo horizonte","nova cintra","200000.00"
"sp","sao paulo","centro historico de sao paulo","300000.00"
"rj","niteroi","inga","460555.38"
"sp","sao paulo","chacara itaim","19000000.00"
"rs","contagem","chacaras reunidas santa terezinha","201800.00"
"mg","belo horizonte","mantiqueira","170000.00"
"rs","belo horizonte","santa maria","337555.56"
"mg","belo horizonte","aeroporto","480000.00"
"rs","contagem","vila belem","255000.00"
"sp","guarulhos","jardim sao luis","200000.00"
"rs","sao leopoldo","rio dos sinos","248395.59"
"rs","porto alegre","protasio alves","229600.00"
"rj","niteroi","itaipu","684750.00"
"mg","belo horizonte","bonsucesso","150000.00"
"sp","osasco","continental","640250.00"
"sp","campinas","jardim amazonas","190000.00"
"sp","sao paulo","vila verde","300000.00"
"mg","belo horizonte","padre eustaquio","416500.00"
"rs","contagem","riacho das pedras","233750.00"
"mg","belo horizonte","carmo","545000.00"
"sp","guarulhos","jardim sao paulo","320000.00"
"sp","sao paulo","vila liviero","235000.00"
"rs","porto alegre","jardim itu sabara","210000.00"
"mg","belo horizonte","grajau","492500.00"
"mg","belo horizonte","milionarios","160000.00"
"mg","belo horizonte","paqueta","277250.00"
"sp","novo hamburgo","canudos","237588.17"
"rj","rio de janeiro","madureira","213987.50"
"sp","guarulhos","jardim odete","240000.00"
"sp","sao bernardo do campo","baeta neves","494944.44"
"mg","belo horizonte","copacabana","187500.00"
"sp","sao bernardo do campo","pauliceia","283750.00"
"rs","contagem","tres barras","392727.27"
"sp","sao paulo","brooklin","2600000.00"
"mg","belo horizonte","castelo","452000.00"
"sp","campinas","sao bernardo","340000.00"
"sp","campinas","parque brasilia","220000.00"
"sp","guarulhos","jardim aida","250000.00"
"sp","sao bernardo do campo","taboao","220000.00"
"sp","guarulhos","jardim santa mena","728300.00"
"sp","guarulhos","jardim paraventi","508333.33"
"sp","osasco","santa maria","284999.33"
"sp","campinas","conjunto residencial parque bandeirantes","200000.00"
"sp","guarulhos","jardim zaira","686666.67"
"sp","sao paulo","liberdade","306250.00"
"mg","belo horizonte","santo agostinho","696000.00"
"rs","sao leopoldo","scharlau","363592.31"
"sp","sao bernardo do campo","dos casa","286000.00"
"sp","osasco","pestana","636666.67"
"sp","sao paulo","vila regina","210000.00"
"mg","belo horizonte","nova vista","347500.00"
"sp","campinas","vila dutra","295000.00"
"sp","campinas","jardim novo campos eliseos","493333.33"
"sp","sao bernardo do campo","vila goncalves","343250.00"
"rj","rio de janeiro","taquara","270272.73"
"rs","belo horizonte","conj. california","440000.00"
"sp","sao leopoldo","sao miguel","160000.00"
"rs","porto alegre","cidade baixa","228750.00"
"sp","sao paulo","conjunto residencial jose bonifacio","212333.33"
"mg","belo horizonte","santa efigenia","490000.00"
"sp","sao paulo","santa ifigenia","310000.00"
"sp","guarulhos","jardim imperador","350000.00"
"rs","belo horizonte","hawai justinopolis","500000.00"
"sp","sao bernardo do campo","ferrazopolis","265234.71"
"sp","sao paulo","jardim sao luis","257500.00"
"rs","belo horizonte","diamante","250000.00"
"sp","sao bernardo do campo","rudge ramos","470000.00"
"sp","sao bernardo do campo","jardim vera cruz","410000.00"
"sp","sao paulo","bela vista","457863.64"
"sp","sao bernardo do campo","jardim copacabana","265000.00"
"rs","porto alegre","vila conceicao","452500.00"
"rj","niteroi","camboinhas","1240000.00"
"mg","belo horizonte","vila paris","750000.00"
"sp","campinas","jardim boa esperanca","670000.00"
"sp","osasco","adalgisa","1294500.00"
"rs","contagem","europa","454500.00"
"rs","canoas","guajuviras","225988.89"
"sp","sao bernardo do campo","botujuru","280000.00"
"sp","campinas","parque taquaral","575000.00"
"rj","niteroi","sao lourenco","295000.00"
"rs","porto alegre","santo antonio","249375.00"
"sp","novo hamburgo","sao jorge","293272.73"
"mg","belo horizonte","joao pinheiro","260000.00"
"mg","belo horizonte","concordia","385000.00"
"rs","contagem","parque riacho das pedras 2a secao","180000.00"
"mg","belo horizonte","jardim america","282666.67"
"mg","belo horizonte","trevo","207500.00"
"sp","campinas","vila faustina ii","320000.00"
"sp","sao bernardo do campo","vila luiz casa","390000.00"
"sp","campinas","jardim amoreiras","600000.00"
"sp","sao paulo","penha de franca","300000.00"
"rs","porto alegre","partenon","262486.49"
"mg","belo horizonte","nova esperanca","340000.00"
"rs","contagem","jardim laguna","550000.00"
"sp","guarulhos","vila moreira","717500.00"
"rs","porto alegre","vila joao pessoa","182500.00"
"rs","contagem"," sapucaias iii ","165000.00"
"sp","campinas","parque camboriu","450000.00"
"sp","campinas","jardim marcia","213333.33"
"sp","novo hamburgo","industrial","245000.00"
"sp","osasco","padroeira","277694.82"
"sp","campinas","vila maria eugenia","350000.00"
"sp","campinas","jardim brasil","1150500.00"
"mg","belo horizonte","sion","660000.00"
"sp","sao bernardo do campo","jardim brasilandia","675000.00"
"sp","sao paulo","campos eliseos","280000.00"
"sp","sao paulo","jardim norma","320000.00"
"sp","guarulhos","vila camargos","505000.00"
"sp","campinas","parque residencial vila uniao","196311.88"
"mg","belo horizonte","barroca","320000.00"
"rs","porto alegre","aberta dos morros","264000.00"
"sp","sao bernardo do campo","alto industrial","215000.00"
"sp","campinas","parque ipiranga","455000.00"
"sp","guarulhos","jardim santa clara","526666.67"
"sp","campinas","v p manoel nobrega","150000.00"
"sp","sao bernardo do campo","jardim das acacias","403333.33"
"sp","campinas","jd maria eugenia","458000.00"
"sp","sao paulo","jardim jau zona leste","450000.00"
"sp","sao paulo","vila nova mazzei","640000.00"
"rj","rio de janeiro","itanhanga","184444.44"
"rj","rio de janeiro","vila da penha","240000.00"
"rs","porto alegre","teresopolis","333195.12"
"sp","campinas","jardim eulina","600000.00"
"sp","campinas","vila marieta","363250.00"
"rs","porto alegre","medianeira","295800.00"
"sp","sao paulo","vila ivone","277500.00"
"sp","osasco","km 18","341800.00"
"sp","sao paulo","cerqueira cesar","1999500.00"
"rs","contagem","darcy vargas","390000.00"
"sp","sao paulo","vila santana","239500.00"
"sp","osasco","centro","521388.89"
"sp","osasco","jardim d’abril","338750.00"
"rs","canoas","sao luis","268500.00"
"sp","sao paulo","itaquera","213666.67"
"rs","canoas","niteroi","291800.00"
"mg","belo horizonte","sao sebastiao","320000.00"
"rs","contagem","tropical","272500.00"
"rs","contagem","jardim vera cruz","195000.00"
"sp","sao paulo","chacara inglesa","790000.00"
"rs","porto alegre","coronel aparicio borges","219666.67"
"sp","guarulhos","vila silveira","310000.00"
"mg","contagem","pedra azul","230000.00"
"sp","guarulhos","jardim tijuco","280000.00"
"sp","sao paulo","jardim sapopemba","320000.00"
"mg","belo horizonte","nova suica","347000.00"
"mg","belo horizonte","nova floresta","305000.00"
"sp","osasco","jaguare","380000.00"
"rs","contagem","amazonas","273777.78"
"sp","sao bernardo do campo","bairro dos casa","380000.00"
"rs","canoas","fatima","280460.77"
"mg","belo horizonte","conjunto california","180000.00"
"sp","campinas","vila rica","255000.00"
"sp","sao paulo","vila independencia","330000.00"
"sp","sao paulo","vila silvia","193750.00"
"rs","sao leopoldo","morro do espelho","350000.00"
"sp","sao paulo","jardim sao sebastiao","240000.00"
"rs","sao leopoldo","sao miguel","171538.46"
"sp","campinas","vila rossi borghi e siqueira","385000.00"
"sp","sao paulo","vila carrao","489666.67"
"mg","belo horizonte","ouro preto","446000.00"
"mg","belo horizonte","carlos prates","347000.00"
"rs","belo horizonte","camargos","252000.00"
"rs","porto alegre","humaita","230000.00"
"sp","guarulhos","jardim bom clima","389983.33"
"sp","osasco","conceicao","251120.00"
"sp","osasco","piratininga","305000.00"
"mg","belo horizonte","novo gloria","515000.00"
"sp","novo hamburgo","ouro branco","201034.00"
"mg","belo horizonte","hawai justinopolis","500000.00"
"rj","niteroi","vila progresso","820000.00"
"rj","rio de janeiro","jardim america","200000.00"
"rj","niteroi","vital brasil","655000.00"
"rj","niteroi","fatima","263200.00"
"sp","sao paulo","vila medeiros","270000.00"
"sp","campinas","vila guararapes","340000.00"
"sp","campinas","jardim ipaussurama","309000.00"
"sp","campinas","cambui","575800.00"
"sp","sao paulo","jardim independencia sao paulo","500000.00"
"sp","guarulhos","parque flamengo","770000.00"
"sp","sao paulo","brooklin paulista","787000.00"
"sp","osasco","umuarama","601372.64"
"sp","sao bernardo do campo","vila euclides","403750.00"
"sp","campinas","vila joao jorge","335000.00"
"rs","sao leopoldo","jardim america","235000.00"
"rs","contagem","bairro da gloria","341666.67"
"sp","campinas","vila georgina","240000.00"
"rs","porto alegre","tristeza","382666.67"
"rs","contagem","arvoredo","302500.00"
"sp","campinas","vila proost de souza","320000.00"
"sp","sao paulo","jardim botucatu","300000.00"
"sp","sao paulo","colonia zona leste","217500.00"
"sp","campinas","jardim sao jose","188622.50"
"sp","guarulhos","vila rosalia","462222.22"
"mg","belo horizonte","heliopolis","494700.00"
"rs","porto alegre","passo das pedras","269900.00"
"rj","rio de janeiro","parada de lucas","165000.00"
"rj","rio de janeiro","taquara jacarepagua","310000.00"
"sp","campinas","botafogo","305222.22"
"sp","guarulhos","jardim bela vista","672500.00"
"sp","sao bernardo do campo","jardim farina","420000.00"
"rs","contagem","nascentes imperiais","230000.00"
"rs","contagem","bairro empresarial do mandu","200000.00"
"rj","niteroi","serra grande","486666.67"
"sp","sao bernardo do campo","parque selecta","220000.00"
"sp","guarulhos","jardim santa cecilia","390000.00"
"sp","guarulhos","jardim rosa de franca","295000.00"
"rs","contagem","milanez","165000.00"
"sp","guarulhos","jardim cocaia","343833.33"
"mg","belo horizonte","funcionarios","558333.33"
"rs","belo horizonte","novo gloria","420000.00"
"sp","guarulhos","vila augusta","663923.08"
"sp","guarulhos","jardim sao luiz","200000.00"
"sp","sao paulo","vila gomes cardim","370000.00"
"sp","guarulhos","jardim ipanema","950000.00"
"rj","rio de janeiro","centro","170000.00"
"mg","belo horizonte","bandeirantes pampulha","330000.00"
"rs","porto alegre","sao joao","245000.00"
"sp","sao paulo","conjunto habitacional padre manoel de paiva","220000.00"
"rs","canoas","olaria","217777.78"
"sp","campinas","ponte preta","348750.00"
"sp","novo hamburgo","vila nova","335980.00"
"sp","sao paulo","consolacao","649500.00"
"mg","belo horizonte","floresta","410000.00"
"sp","osasco","metalurgicos","301000.00"
"rs","sao leopoldo","loteamento parque recreio","200000.00"
"mg","belo horizonte","serra verde","200000.00"
"sp","guarulhos","macedo","392048.53"
"rs","canoas","sao jose","311052.63"
"rj","rio de janeiro","rio comprido","440000.00"
"sp","campinas","guarani","550000.00"
"rs","contagem","linda vista","413500.00"
"sp","sao bernardo do campo","chacara sergipe","265000.00"
"sp","campinas","jardim baroneza","380000.00"
"rj","rio de janeiro","engenho novo","185000.00"
"rj","rio de janeiro","maracana","590000.00"
"sp","campinas","vila brandina","650000.00"
"sp","sao paulo","moema","1500000.00"
"sp","sao bernardo do campo","vila campestre","339000.00"
"sp","sao paulo","campo belo","1166666.67"
"rs","canoas","mathias velho","328125.00"
"sp","campinas","bonfim","262230.77"
"rj","niteroi","centro","346625.00"
"rj","sao goncalo","rocha","900000.00"
"sp","sao paulo","fazenda morumbi","450000.00"
"rs","sao leopoldo","santo andre","218453.85"
"sp","guarulhos","jardim ema","300000.00"
"sp","sao bernardo do campo","vila santa cassia","445000.00"
"sp","sao paulo","vila alpina","315000.00"
"rs","porto alegre","jardim botanico","190000.00"
"sp","novo hamburgo","santo afonso","214899.69"
"sp","campinas","vila campos sales","220000.00"
"sp","campinas","parque res. vila uniao","155000.00"
"rs","contagem","bom jesus","285000.00"
"mg","belo horizonte","sagrada familia","566666.67"
"mg","belo horizonte","graca","560000.00"
"sp","guarulhos","morros","250000.00"
"mg","belo horizonte","santa monica","305000.00"
"sp","sao paulo","vila nova conceicao","2180000.00"
"sp","sao bernardo do campo","vila arapua","290000.00"
"sp","campinas","fundacao da casa popular","300000.00"
"rs","contagem","fonte grande","267250.00"
"sp","sao bernardo do campo","vila dusi","435000.00"
"sp","sao paulo","jardim maria estela","260000.00"
"rj","rio de janeiro","agua santa","390000.00"
"rs","belo horizonte","darcy vargas","220000.00"
"rs","porto alegre","vila assuncao","285000.00"
"rj","rio de janeiro","tijuca","590000.00"
"sp","campinas","jardim ipiranga","189333.33"
"rj","rio de janeiro","andarai","275000.00"
"sp","guarulhos","picanco","483500.00"
"sp","guarulhos","jardim adriana","409000.00"
"rj","rio de janeiro"," vargem pequena","165000.00"
"rs","contagem","industrial","433333.33"
"rs","sao leopoldo","santa teresa","339285.71"
"rs","porto alegre","espirito santo","518333.33"
"rs","contagem","monte castelo","260000.00"
"sp","campinas","vila industrial","350000.00"
"mg","belo horizonte","serrano","357500.00"
"sp","guarulhos","vila rio de janeiro","222500.00"
"sp","guarulhos","jardim alice","280000.00"
"sp","sao bernardo do campo","nova petropolis","431864.14"
"rs","contagem","vera cruz","220000.00"
"rj","rio de janeiro","todos os santos","180000.00"
"sp","novo hamburgo","maua","403333.33"
"sp","guarulhos","vila progresso","441000.00"
"rs","porto alegre","nonoai","285045.45"
"rs","belo horizonte","trevo","321666.67"
"rs","contagem","novo riacho","247483.33"
"rs","contagem","bernardo monteiro","363333.33"
"sp","guarulhos","jardim maia","699000.00"
"sp","campinas","conceicao","202000.00"
"rj","rio de janeiro","barra olimpica","213000.00"
"mg","belo horizonte","fernao dias","280000.00"
"sp","sao paulo","morumbi","285000.00"
"rj","niteroi","fonseca","309425.04"
"mg","belo horizonte","liberdade","523333.33"
"rj","rio de janeiro","cascadura","224750.00"
"rj","rio de janeiro","grajau","262666.67"
"rs","contagem","kennedy","160000.00"
"sp","campinas","conjunto residencial souza queiroz","201625.00"
"sp","guarulhos","jardim moreira","415000.00"
"sp","guarulhos","gopouva","398636.36"
"rs","porto alegre","jardim do salso","416000.00"
"rj","rio de janeiro","lins de vasconcelos","197500.00"
"sp","campinas","jardim do lago","282500.00"
"sp","sao paulo","conjunto habitacional padre manoel da nobrega","225000.00"
"sp","sao paulo","vila andrade","1202500.00"
"rs","contagem","flamengo","266000.00"
"sp","sao bernardo do campo","jardim cantareira","445000.00"
"rs","porto alegre","cavalhada","308852.35"
"sp","sao bernardo do campo","vila olga","290000.00"
"sp","sao paulo","jardim aurora zona leste","220000.00"
"sp","sao paulo","vila re","200000.00"
"mg","belo horizonte","piratininga","303250.00"
"rs","porto alegre","jardim floresta","240000.00"
"rj","rio de janeiro","sao francisco xavier","205000.00"
"mg","belo horizonte","urca","220000.00"
"sp","campinas","centro","215850.60"
"sp","guarulhos","vila tijuco","371157.50"
"mg","belo horizonte","venda nova","250000.00"
"rs","sao leopoldo","santos dumontt","175000.00"
"mg","belo horizonte","buritis","548333.33"
"sp","sao paulo","vila olimpia","1824000.00"
"sp","campinas","jardim anton von zuben","630000.00"
"mg","belo horizonte","cidade jardim","500000.00"
"rs","contagem","california","215000.00"
"rj","niteroi","mata paca","682500.00"
"sp","sao bernardo do campo","vila santa rita de cassia","315000.00"
"sp","campinas","parque fazendinha","357400.00"
"sp","sao paulo","jardim santa emilia","285500.00"
"sp","sao paulo","jardim da gloria","320000.00"
"sp","campinas","jardim pacaembu","235000.00"
"sp","campinas","vila padre manoel de nobrega","175000.00"
"sp","guarulhos","parque renato maia","294000.00"
"sp","guarulhos","jardim vila galvao","500000.00"
"sp","osasco","jardim sao pedro","217500.00"
"sp","novo hamburgo","centro","335807.69"
"sp","osasco","bussocaba","291000.00"
"rs","sao leopoldo","campina","218285.71"
"sp","sao leopoldo","scharlau","365680.00"
"sp","campinas","mansoes santo antonio","646666.67"
"sp","campinas","vila trinta e um de marco","240000.00"
"sp","guarulhos","jardim sao ricardo","349500.00"
"sp","campinas","jardim dos oliveiras","200000.00"
"rj","niteroi","maravista","735000.00"
"mg","belo horizonte","cidade nova","522857.14"
"sp","sao paulo","bras","403749.88"
"sp","guarulhos","jardim tranquilidade","280000.00"
"sp","guarulhos","vila leonor","298000.00"
"sp","guarulhos","jardim almeida prado","489000.00"
"sp","sao bernardo do campo","assuncao","412703.70"
"sp","campinas","loteamento parque sao martinho","215000.00"
"sp","sao paulo","jardim da saude","242500.00"
"sp","sao paulo","jardim celeste","255000.00"
"mg","belo horizonte","engenho nogueira","277499.50"
"sp","sao bernardo do campo","cidade miramar","663333.33"
"mg","belo horizonte","caicaras","683333.33"
"rs","porto alegre","bom jesus","230666.67"
"sp","guarulhos","vila milton","320000.00"
"sp","campinas","cidade jardim","450000.00"
"sp","sao paulo","vila sonia","435000.00"
"mg","belo horizonte","estrela do oriente","270000.00"
"rs","contagem","jardim industrial","272000.00"
"sp","campinas","jardim do trevo","290000.00"
"mg","belo horizonte","darcy vargas","210000.00"
"mg","belo horizonte","lagoinha","359925.00"
"mg","belo horizonte","prado","245000.00"
"rs","porto alegre","costa e silva","205000.00"
"sp","osasco","presidente altino","467225.00"
"sp","campinas","jardim sao fernando","350000.00"
"mg","belo horizonte","nova cachoeirinha","300000.00"
"rs","contagem","sapucaias","170000.00"
"rs","contagem"," industrial","165000.00"
"sp","sao paulo","jardim ibitirama","206000.00"
"rs","porto alegre","floresta","196000.00"
"sp","sao bernardo do campo","montanhao","207500.00"
"mg","belo horizonte","alto barroca","772500.00"
"rs","porto alegre","jardim itu","404000.00"
"sp","osasco","vila osasco","573197.96"
"sp","sao bernardo do campo","vila planalto","342500.00"
"rj","rio de janeiro","vargem grande","336333.33"
"rs","sao leopoldo","centro","325947.76"
"sp","campinas","nova campinas","474000.00"
"rs","contagem","sapucaias i","160000.00"
"rj","niteroi","matapaca","435000.00"
"sp","sao bernardo do campo","vila euro","361666.67"
"sp","campinas","jardim aurelia","302000.00"
"mg","belo horizonte","vila jardim leblon","285000.00"
"rs","porto alegre","menino deus","245816.67"
"sp","sao paulo","fazenda da juta","210000.00"
"rs","sao leopoldo","fazenda sao borja","240000.00"
"sp","campinas","dic vi conjunto habitacional santo dias silva","230000.00"
"rs","contagem","sapucaias iii","269500.00"
"rj","niteroi","largo da batalha","310000.00"
"sp","guarulhos","vila nossa senhora de fatima","373666.67"
"mg","belo horizonte","miramar barreiro","252500.00"
"rj","rio de janeiro","sampaio","240000.00"
"sp","sao paulo","se","265000.00"
"sp","sao bernardo do campo","jardim do mar","568666.67"
"mg","belo horizonte","santa rosa","399000.00"
"rs","porto alegre","cristal","257589.29"
"sp","guarulhos","cidade martins","380000.00"
"sp","sao paulo","belem","507500.00"
"sp","guarulhos","centro","331499.96"
"rs","canoas","bairro fatima","205444.44"
"sp","osasco","bandeiras","248375.00"
"sp","sao paulo","vila guarani zona sul","465000.00"
"sp","osasco","cidade das flores","341428.57"
"rs","contagem","oitis","340000.00"
"rj","sao goncalo","venda da cruz","255000.00"
"sp","novo hamburgo","jardim maua","410000.00"
"rs","porto alegre","sao sebastiao","275000.00"
"sp","guarulhos","vila sao rafael","240000.00"
"sp","campinas","jardim capivari","267250.00"
"sp","campinas","vila rossi","554000.00"
"sp","guarulhos","parque santo antonio","200000.00"
"sp","sao paulo","parque fongaro","385000.00"
"sp","sao paulo","cambuci","377223.08"
"rs","contagem","eldorado","386500.00"
"rs","porto alegre","pedra redonda","390000.00"
"rj","rio de janeiro","engenho de dentro","219225.00"
"sp","osasco","vila nova conceicao","273000.00"
"sp","guarulhos","vila imaculada","260000.00"
"mg","belo horizonte","cachoeirinha","675000.00"
"rs","porto alegre","morro santana","304983.33"
"sp","sao bernardo do campo","jardim iraja","200000.00"
"rs","belo horizonte","sao sebastiao","320000.00"
"sp","sao paulo","vila da saude","552666.67"
"sp","osasco","jaguaribe","368000.00"
"mg","contagem","xangri-la","290000.00"
"sp","sao paulo","vila agua funda","335000.00"
"sp","sao paulo","vila monumento","785666.67"
"rs","porto alegre","estancia velha","325000.00"
"sp","sao bernardo do campo","vila lusitania","915000.00"
"rs","belo horizonte","conjunto california","180000.00"
"sp","guarulhos","vila carioca","700000.00"
"rj","niteroi","piratininga","651666.67"
"rs","contagem","caiapos","237000.00"
"sp","sao bernardo do campo","conjunto residencial pombeva","430000.00"
"sp","campinas","jardim guarani","798000.00"
"sp","sao paulo","mirandopolis","686333.33"
"sp","sao paulo","jardim das acacias","1680000.00"
"sp","osasco","vila campesina","388976.00"
"sp","campinas","vila mimosa","221000.00"
"rj","rio de janeiro","tanque","262000.00"
"sp","guarulhos","vila venditti","327500.00"
"sp","sao paulo","vila bela","366000.00"
"rj","niteroi","engenho do mato","620200.00"
"sp","sao paulo","vila clementino","404425.00"
"mg","belo horizonte","sao joao batista","330000.00"
"sp","guarulhos","ponte grande","475000.00"
"mg","belo horizonte","palmares","315000.00"
"rs","contagem","parque maracana","174500.00"
"rs","porto alegre","sarandi","211666.67"
"rs","belo horizonte","urca","220000.00"
"sp","campinas","taquaral","579999.67"
"rj","rio de janeiro","camorim","172500.00"
"sp","osasco","city bussocaba","460000.00"
"rj","rio de janeiro","riachuelo","180000.00"
"sp","guarulhos","picaco","575000.00"
"sp","sao paulo","chacara belenzinho","200000.00"
"rj","niteroi","santa rosa ","485000.00"
"sp","guarulhos","jardim santa beatriz","1030000.00"
"sp","campinas","jardim flamboyant","294500.00"
"mg","belo horizonte","horto","305000.00"
"sp","guarulhos","vila barros","504600.00"
"sp","sao bernardo do campo","jardim das quatro marias","340000.00"
"mg","belo horizonte","parque copacabana","180000.00"
"sp","sao paulo","mooca","504187.50"
"sp","novo hamburgo","hamburgo velho","314229.43"
"rs","canoas","centro","366350.83"
"sp","osasco","novo osasco","315093.33"
"rs","contagem","vila beneves","890000.00"
"sp","campinas","jardim pauliceia","211363.00"
"sp","sao paulo","lauzane paulista","280000.00"
"rs","porto alegre","gloria","278700.00"
"rj","rio de janeiro","freguesia jacarepagua","292777.78"
"sp","sao paulo","jardim artur alvim","220000.00"
"sp","campinas","jardim samambaia","264420.50"
"sp","guarulhos","vila miriam","350000.00"
"sp","sao paulo","vila ema","560000.00"
"sp","campinas","parque imperador","550000.00"
"rs","sao leopoldo","feitoria","244693.84"
"sp","sao paulo","parada xv de novembro","245000.00"
"sp","sao paulo","sacoma","301250.00"
"mg","belo horizonte","aparecida","290000.00"
"rs","belo horizonte","vila magnesita","175000.00"
"sp","novo hamburgo","ideal","378500.00"
"rs","porto alegre","mario quintana","417500.00"
"sp","guarulhos","parque continental ii","780000.00"
"rs","porto alegre","auxiliadora","680000.00"
"mg","belo horizonte","betania","560000.00"
"mg","belo horizonte","madre gertrudes","262000.00"
"rs","canoas","igara","313144.68"
"sp","sao bernardo do campo","vila alves dias","455359.50"
"sp","sao paulo","vila prudente","278428.57"
"rs","belo horizonte","coqueiros","457500.00"
"rs","canoas","marechal rondon","388578.95"
"sp","sao paulo","cidade moncoes","1350000.00"
"mg","belo horizonte","salgado filho","395000.00"
"rs","contagem","morro do confisco","260500.00"
"sp","novo hamburgo","primavera","261666.67"
"rj","niteroi","pendotiba","290000.00"
"sp","campinas","jardim aero continental","450000.00"
"rs","canoas","estancia velha","287644.44"
"sp","sao paulo","vila moinho velho","300000.00"
"mg","belo horizonte","barro preto","360000.00"
"sp","sao paulo","belenzinho","342500.00"
"sp","sao bernardo do campo","independencia","342500.00"
"sp","sao paulo","vila dom pedro i","760000.00"
"sp","campinas","jardim garcia","231666.67"
"sp","campinas","jardim nova europa","339278.50"
"rj","niteroi","pe pequeno","385000.00"
"rs","contagem","novo eldorado","387800.00"
"sp","campinas","vila lidia","175000.00"
"rj","rio de janeiro","botafogo","159000.00"
"rs","porto alegre","santana","380000.00"
"sp","campinas","cidade universitaria","660000.00"
"sp","sao paulo","vila zelina","550000.00"
"rs","sao leopoldo","sao joao batista","145000.00"
"rj","niteroi","tenente jardim","290000.00"
"rs","belo horizonte","alipio de melo","650000.00"
"rs","sao leopoldo","cristo rei","247500.00"
"rj","rio de janeiro","recreio dos bandeirantes","400000.00"
"sp","sao bernardo do campo","jardim nova petropolis","650000.00"
"sp","guarulhos","parque cecap","333444.44"
"sp","novo hamburgo","operario","289666.67"
"sp","osasco","bela vista","536842.11"
"mg","belo horizonte","santa cruz","556666.67"
"sp","campinas","jardim paraiso de viracopos","275000.00"
"rs","belo horizonte","california","203333.33"
"sp","campinas","bosque","338500.00"
"mg","belo horizonte","jardim guanabara","292500.00"
"sp","sao paulo","jardim paulista","750000.00"
"rs","contagem","santa maria","264900.00"
"rs","contagem","candida ferreira","205000.00"
"mg","belo horizonte","colegio batista","444285.71"
"rj","rio de janeiro","meier","243333.33"
"rs","porto alegre","petropolis","340804.33"
"sp","campinas","jardim campos eliseos","254000.00"
"sp","campinas","parque das cachoeiras","290000.00"
"sp","sao paulo","jardim ester yolanda","600000.00"
"sp","sao bernardo do campo","vila jerusalem","271666.67"
"mg","belo horizonte","conj. california","440000.00"
"sp","sao paulo","higienopolis","330000.00"
"rs","contagem","empresarial do mandu","240000.00"
"sp","sao paulo","sitio da figueira","360000.00"
"sp","sao bernardo do campo","parque sao jose","650000.00"
"mg","belo horizonte","centro","339333.33"
"sp","guarulhos","jardim sao roberto","400000.00"
"mg","belo horizonte","vila copacabana","390000.00"
"sp","guarulhos","vila santo antonio","634500.00"
"sp","campinas","jardim carlos lourenco","495000.00"
"rs","belo horizonte","madre gertrudes","356750.00"
"sp","sao paulo","vila santa clara","455500.00"
"rs","contagem","arpoador","175000.00"
"mg","belo horizonte","vila magnesita","170000.00"
"sp","sao bernardo do campo","vila alvinopolis","760000.00"
"sp","campinas","jardim chapadao","630000.00"
"rs","porto alegre","jardim carvalho","386666.67"
"sp","novo hamburgo","guarani","367250.00"
"rj","rio de janeiro","quintino bocaiuva","184481.50"
"rs","contagem","chacara cotia","302500.00"
"sp","campinas","jardim alto da barra","375000.00"
"rj","niteroi","muriqui","550000.00"
"mg","belo horizonte","sao salvador","245000.00"
"mg","belo horizonte","dona clara","500000.00"
"sp","sao bernardo do campo","nova petropolis ","260000.00"
"sp","campinas","chacaras campos eliseos","640000.00"
"sp","sao paulo","itaim bibi","2700000.00"
"rj","rio de janeiro","penha","230000.00"
"rj","niteroi","engenhoca","247900.00"
"sp","sao bernardo do campo","planalto","413076.92"
"sp","guarulhos","jardim santa barbara","250000.00"
"rs","contagem","alvorada","437615.38"
"sp","sao bernardo do campo","vila ferreira","200000.00"
"sp","campinas","vila saturnia","335000.00"
"rs","porto alegre","guaruja","580000.00"
"sp","sao bernardo do campo","parque terra nova","526666.67"
"sp","guarulhos","vila lanzara","806180.00"
"rs","contagem","ressaca","530000.00"
"rj","rio de janeiro","vargem pequena","356666.67"
"rs","contagem","chacara contagem","222500.00"
"sp","sao paulo","vila das merces","395000.00"
"mg","belo horizonte","cinquentenario","450000.00"
"mg","belo horizonte","silveira","390000.00"
"mg","belo horizonte","camargos","213000.00"
"sp","sao bernardo do campo","demarchi","288800.00"
"sp","guarulhos","vila sao joao batista","516666.67"
"sp","sao paulo","sao lucas","579000.00"
"sp","guarulhos","jardim paraiso","260000.00"
"rs","porto alegre","vila ipiranga","430000.00"
"sp","sao paulo","planalto paulista","780000.00"
"sp","guarulhos","vila das palmeiras","377500.00"
"rs","sao leopoldo","santos dumont","178606.06"
"rj","niteroi","barreto","310006.55"
"sp","sao paulo","jardim vergueiro sacoma","270000.00"
"sp","sao bernardo do campo","vila sao silverio","400000.00"
"sp","guarulhos","jardim testae","345000.00"
"sp","sao bernardo do campo","vila alcantara","275000.00"
"rs","contagem","sta cruz ind","650000.00"
"sp","sao bernardo do campo","vila cruzeiro","270000.00"
"sp","sao paulo","alto da mooca","643333.33"
"sp","guarulhos","vila santa maria","530000.00"
"sp","sao bernardo do campo","jordanopolis","255000.00"
"sp","sao paulo","parque da mooca","499825.00"
"rs","canoas","harmonia","348136.36"
"rj","rio de janeiro","engenho da rainha","197500.00"
"rs","contagem","chacaras california","216533.33"
"mg","belo horizonte","monte azul","175000.00"
"sp","sao bernardo do campo","parque espacial","272000.00"
"rj","rio de janeiro","iraja","173300.00"
"rs","sao leopoldo","vicentina","161000.00"
"rj","rio de janeiro","pechincha","254966.10"
"rs","contagem","cabral","361900.00"
"rs","porto alegre","praia de belas","202400.00"
"sp","guarulhos","cocaia","346666.67"
"mg","belo horizonte","jardim leblon","192500.00"
"mg","belo horizonte","santa branca","462500.00"
"rs","sao leopoldo","sao jose","276666.67"
"mg","belo horizonte","gutierrez","545555.56"
"sp","sao paulo","indianopolis","1593000.00"
"rs","porto alegre","vila nova","307996.43"
"sp","sao bernardo do campo","santa terezinha","272088.89"
"sp","guarulhos","vila galvao","641500.00"
"sp","sao paulo","quarta parada","512500.00"
"sp","campinas","vila itapura","502000.00"
"sp","sao paulo","republica","292950.00"
"sp","novo hamburgo","rondonia","242354.17"
"sp","sao bernardo do campo","jardim portugal","635000.00"
"sp","novo hamburgo","rincao","372500.00"
"sp","novo hamburgo","patria nova","381142.86"
"sp","osasco","condominio amazonas","330000.00"
"sp","osasco","vila yolanda","406555.56"
"sp","sao paulo","parque jabaquara","250000.00"
"rs","sao leopoldo","fiao","370500.00"
"sp","campinas","vila joaquim inacio","180000.00"
"rs","porto alegre","rubem berta","204800.00"
"rj","niteroi","icarai","655918.33"
"mg","belo horizonte","uniao","479500.00"
"rs","canoas","rio branco","271698.14"
"sp","guarulhos","vila ester","280000.00"
"mg","belo horizonte","aarao reis","275000.00"
"sp","campinas","vila industrial campinas","295000.00"
"mg","belo horizonte","sao cristovao","150000.00"
"rj","rio de janeiro","jacarepagua","290462.38"
"sp","sao paulo","sao joao climaco","330000.00"
"sp","sao paulo","jardim sao francisco zona leste","200000.00"
"mg","belo horizonte","santa lucia","589000.00"
"rj","niteroi","sape","500000.00"
"sp","guarulhos","jardim iporanga","294000.00"
"mg","belo horizonte","manacas","309950.00"
"rs","contagem","vila panama","256000.00"
"sp","novo hamburgo","rio branco","264125.00"
"rs","contagem","parque xangri-la","311600.00"
"rs","porto alegre","centro historico","184900.00"
"rs","belo horizonte","sao salvador","245000.00"
"rj","niteroi","santa rosa","433115.38"
"sp","guarulhos","jardim sao judas tadeu","285888.89"
"sp","sao bernardo do campo","jardim valdibia","296666.67"
"sp","sao paulo","vila moraes","350000.00"
"sp","sao paulo","vila oratorio","425000.00"
"mg","belo horizonte","santo andre","387500.00"
"rs","porto alegre","rio branco","500000.00"
"rs","contagem","tijuca","880000.00"
"rs","contagem","lucio de abreu","300000.00"
"sp","sao leopoldo","santos dumont","189266.67"
"sp","sao bernardo do campo","vila tereza","745000.00"
"mg","belo horizonte","sao cristovao ","220000.00"
"sp","guarulhos","vila zanardi","355000.00"
"mg","belo horizonte","california","200000.00"
"sp","guarulhos","vila florida","367500.00"
"rs","betim","jardim alterosa","320000.00"
"sp","campinas","jardim das bandeiras","219250.00"
"sp","campinas","jardim sao gabriel","245000.00"
"sp","campinas","jardim miranda","230000.00"
"rs","porto alegre","santa rosa de lima","290000.00"
"rj","niteroi","sao francisco","799000.00"
"sp","sao paulo","paraiso","2000000.00"
"mg","belo horizonte","alto caicaras","436500.00"
